Class,,O2/N1
L0,original,4.286675684
L0,354,2.195571546
L0,378,2.177224841
L0,402,0.734760066
L0,426,0.599532471
L0,450,1.743682857
L2,original,6.512099433
L2,354,7.80478837
L2,378,2.500995192
L2,402,0.350230891
L2,426,0.300048879
L2,450,0.812630752
L5,original,8.210031789
L5,354,2.809644509
L5,378,0.444954828
L5,402,0.113805881
L5,426,0.291956238
L5,450,0.376430859
L8,original,18.77336838
L8,354,5.403983343
L8,378,0.296793461
L8,402,0.140706943
L8,426,0.12743044
L8,450,0.304709225
