,Coef,Intercept,Score
"1316.32, 1323.31",[[0.33344509]],[0.00319786],0.7414058515655235
"1323.31, 1326.33",[[1.94453826]],[0.05209911],0.7799309650873628
